-- 法律修法歷程 batch 1: 兩公約施行法 / 學生輔導法 / 748 施行法
-- 由 parallel-research agent 蒐集（2026-04-30）

-- law（法規元資訊）
INSERT OR REPLACE INTO law (law_id, law_name_zh, law_pcode, enacted_date, primary_agency, covers_articles, related_pi, is_implementation_act, note) VALUES
('L001','公民與政治權利國際公約及經濟社會文化權利國際公約施行法','I0020028','2009-04-22','法務部','["ICCPR-1-27","ICESCR-1-15"]','["PI-01","PI-02","PI-03","PI-04","PI-05","PI-06","PI-07","PI-08","PI-09","PI-10","PI-11","PI-12","PI-13","PI-14","PI-15","PI-16"]',1,'兩公約內國法化母法；全文 9 條，制定後迄今未修正。施行日 2009-12-10。'),
('L002','學生輔導法','H0070058','2014-11-12','教育部','["ICESCR-12","ICESCR-13","ICESCR-14"]','["PI-09","PI-10"]',0,'2014 制定 24 條；2024-12-18 大修，回應大專輔導人力不足與兒少自殺率攀升。'),
('L003','司法院釋字第七四八號解釋施行法','B0000008','2019-05-22','法務部','["ICCPR-2","ICCPR-23","ICCPR-26"]','["PI-12","PI-14"]',1,'同性婚姻專法路徑；制定 27 條，後於 2023-06-09 修正第 20 條開放共同收養。');

-- law_version
INSERT OR REPLACE INTO law_version (version_id, law_id, version_label, promulgated_date, effective_date, full_text_url, legislative_reason, is_current) VALUES
('L001-V01','L001','制定','2009-04-22','2009-12-10','https://law.moj.gov.tw/LawClass/LawAll.aspx?pcode=I0020028','總統華總一義字第09800096331號令制定公布全文9條；行政院定 2009-12-10 施行。立法理由：兩公約已具普世價值，將其揭示之人權保障規定內國法化，建立人權保障體系。',1),
('L002-V01','L002','制定','2014-11-12','2014-11-12','https://www.6laws.net/6law/law/學生輔導法.htm','總統華總一義字第10300168991號令制定公布全文24條；自公布日施行。立法理由：因應校園輔導需求增加與專業人員不足，建立三級輔導體制。',0),
('L002-V02','L002','部分條文修正','2024-12-18','2024-12-18 (部分條文行政院另定)','https://law.moj.gov.tw/LawClass/LawAll.aspx?pcode=H0070058','總統華總一義字第11300118951號令修正公布第1～7、9～12、14、24條；增訂第5-1、6-1、11-1條。立法理由：(1)回應 CRC 第二次國家報告結論性意見對輔導人力不足之關注；(2)因應大專學生心理健康危機與自殺率攀升；(3)強化專業督導機制。',1),
('L003-V01','L003','制定','2019-05-22','2019-05-24','https://law.moj.gov.tw/LawClass/LawAll.aspx?pcode=B0000008','總統制定公布全文 27 條，自 2019-05-24 施行。立法理由：因應 2017 司法院釋字第 748 號宣告民法未保障同性伴侶結合自由違反憲法第 22 條及第 7 條平等原則，採專法路徑回應 2018 公投第 10、12 案結果（反對修民法）。',0),
('L003-V02','L003','部分條文修正','2023-06-09','2023-06-09 (第3、9、16條溯及 2023-01-01)','https://law.moj.gov.tw/LawClass/LawAll.aspx?pcode=B0000008','修正第3、9、16、20條。第 20 條核心：開放第二條關係雙方當事人共同收養（不限親生子女）。',1);

-- law_article_change
INSERT INTO law_article_change (version_id, article_number, change_type, text_before, text_after, reason, related_co, related_article) VALUES
('L001-V01','第 2 條','enacted',NULL,'兩公約所揭示保障人權之規定，具有國內法律之效力。','將兩公約內國法化，明定其於我國法體系具國內法律效力，使各級政府機關、法院得直接援引適用。','[]','["ICCPR-2","ICESCR-2"]'),
('L001-V01','第 8 條','enacted',NULL,'各級政府機關應依兩公約規定之內容，檢討所主管之法令及行政措施，有不符兩公約規定者，應於本法施行後二年內，完成法令之制（訂）定、修正或廢止及行政措施之改進。','課予各級政府機關「兩年法令檢討期」義務，建立法令盤點與修正機制，是 2009-2011 全國法規大盤點之法源。','[]','["ICCPR-2","ICESCR-2"]'),

('L002-V02','第 4 條','amended',
 '各級主管機關為執行學生輔導行政工作，應指定學生輔導專責單位或專責人員，辦理各項學生輔導工作之規劃及執行事項。高級中等以下學校主管機關應設學生輔導諮商中心，其任務如下：一、提供學生心理評估、輔導諮商及資源轉介服務。二、支援學校輔導嚴重適應困難及行為偏差之學生。（共 11 項任務）',
 '各級主管機關應指定學生輔導專責單位或專責人員，辦理各項學生輔導工作之規劃及執行事項。高級中等以下學校主管機關應設學生輔導諮商中心，統籌規劃、配置及運用專業輔導人員，提供輔導諮商轉介服務、進行個案評估、支援危機處理、提供專業諮詢、辦理個案會議、評估輔導成效、辦理人員培訓及督導、推動輔導政策等任務。中央主管機關統一訂定設置辦法，各級主管機關應寬列預算。',
 '修正高級中等以下學校主管機關所設學生輔導諮商中心任務，以符合運作現況；新增「統籌規劃、配置運用專業輔導人員」並強化督導機制；中央主管機關統一訂定設置辦法，解決過往各縣市諮商中心組織標準不一問題。回應 CRC CO2 對輔導人力不足之關注。',
 '["CRC-CO2","ICESCR-CO3"]','["ICESCR-12","ICESCR-13"]'),

('L002-V02','第 11 條','amended',
 '高級中等以下學校得視實際需要置專任專業輔導人員及義務輔導人員若干人，其班級數達五十五班以上者，應至少置專任專業輔導人員一人。專科以上學校學生一千二百人以下者，應置專業輔導人員至少一人；超過一千二百人者，以每滿一千二百人置專業輔導人員一人為原則。',
 '高級中等以下學校主管機關應置專任專業輔導人員。中央主管機關得在不超過全國專任專業輔導人員總數百分之六範圍內，考量輔導案量及地理區域核予特定主管機關外加名額。專科以上學校學生九百人以下者，應置專任專業輔導人員至少一人；超過九百人者，每滿九百人增置專任專業輔導人員一人。',
 '(1)大專校院師生比由 1,200:1 調降為 900:1，預估全國大專輔導人員增加逾 300 人；(2)國中小增置逾 600 名專任輔導教師（透過增訂 11-1 條配套）；(3)強化縣市政府統籌調派機制，解決偏鄉聘任困難；(4)增加 6% 外加名額機制以反映輔導案量差異。回應大專學生自殺率連年攀升及 CRC CO2 關注。',
 '["CRC-CO2","ICESCR-CO3"]','["ICESCR-12","ICESCR-13","CRC-3","CRC-24"]'),

('L002-V02','第 11-1 條','new',NULL,
 '高級中等以下學校應依規定置輔導教師，並得視實際需要置專任專業輔導人員。其輔導教師員額編制、置專任專業輔導人員之條件及員額編制等事項之辦法，由中央主管機關定之。',
 '新增條文，明確區分「輔導教師（教師身分）」與「專任專業輔導人員（心理師/社工師等）」配置，原第 11 條僅規範後者，致國中小輔導教師無母法依據，本次修法補正。',
 '["CRC-CO2"]','["ICESCR-13","CRC-29"]'),

('L003-V01','第 4 條','enacted',NULL,
 '成立第二條關係應以書面為之，有二人以上證人之簽名，並應由雙方當事人，依司法院釋字第七四八號解釋之意旨及本法，向戶政機關辦理結婚登記。',
 '採「結婚登記」用語（雖未直接稱「婚姻」），體現釋字 748 號之婚姻自由保障意旨，落實 ICCPR 第 23 條結合自由與第 26 條平等原則。','["ICCPR-CO3-第26-27段"]','["ICCPR-23","ICCPR-26"]'),

('L003-V02','第 20 條','amended',
 '第二條關係雙方當事人之一方收養他方之親生子女時，準用民法關於收養之規定。',
 '第二條關係雙方當事人之一方收養他方之子女或共同收養時，準用民法關於收養之規定。',
 '原條文僅准「繼親收養他方親生子女」，致同性配偶無法依民法 1074 條共同收養第三人子女，亦無法收養他方之養子女，與異性配偶不一致。修正後將同性配偶子女收養範圍與異性配偶一致，依個案經專業社工評估與法院認可，依未成年子女最佳利益決定。立法理由援引 ICCPR 第 26 條平等原則與 CRC 第 3 條兒童最佳利益。',
 '["ICCPR-CO3","CRC-CO2"]','["ICCPR-26","ICCPR-23","CRC-3","CRC-21"]'),

('L003-V01','第 24 條','enacted',NULL,
 '民法總則編及債編關於夫妻、配偶、結婚或婚姻之規定，於第二條關係準用之。民法以外之其他法規關於夫妻、配偶、結婚或婚姻之規定，及配偶或夫妻關係所生之規定，於第二條關係準用之。但本法或其他法規另有規定者，不在此限。',
 '建立全面準用機制，使第二條關係於稅法、社會福利、繼承、勞動法等領域取得與婚姻同等之法律效果，是專法路徑下避免大規模修法之核心技術設計。',
 '[]','["ICCPR-23","ICCPR-26"]');

-- law_amendment
INSERT OR REPLACE INTO law_amendment (amendment_id, law_id, version_id, related_event_id, third_reading, promulgated, proposer_summary, contention_level, summary_before, summary_after, key_changes, triggered_by_co) VALUES
('AMD-2009-001','L001','L001-V01',NULL,'2009-03-31','2009-04-22','跨黨派提案（行政院版+立委連署）','low','兩公約批准書因國際處境無法存放聯合國，國內無內國法化母法','制定 9 條施行法，明定兩公約具國內法律效力、課予 2 年法令檢討期、建立國家報告制度','["明定兩公約具國內法律效力（第2條）","政府機關應符合兩公約規定（第4條）","建立人權報告制度（第6條）","2 年法令檢討期（第8條）"]','[]'),
('AMD-2024-001','L002','L002-V02','EV-2024-102','2024-11-29','2024-12-18','跨黨派團（行政院版併同立委提案）','medium',
 '大專師生比 1,200:1、國中小輔導教師無母法依據、學生輔導諮商中心組織標準不一、輔導人員督導機制薄弱',
 '大專師生比 900:1、新增 11-1 條補正輔導教師配置母法、中央統一訂定諮商中心辦法、強化督導機制與經費補助',
 '["大專師生比 1,200:1 → 900:1","新增第 11-1 條：國中小輔導教師員額編制母法","新增第 5-1 條：跨機關聯繫機制","新增第 6-1 條：原住民族學生輔導","強化專業督導","中央統一訂定諮商中心設置辦法"]',
 '["CRC-CO2","ICESCR-CO3"]'),
('AMD-2023-001','L003','L003-V02','EV-2023-001','2023-05-16','2023-06-09','跨黨派立委提案（民間團體推動）','high',
 '第 20 條僅准繼親收養他方「親生子女」，致同性配偶無法共同收養第三人子女，與異性配偶差別待遇',
 '第 20 條開放共同收養（含他方養子女與第三人子女），準用民法收養規定，由社工評估與法院依未成年子女最佳利益認可',
 '["第 20 條：開放共同收養與收養他方子女（不限親生）","第 3、9、16 條：配合溯及自 2023-01-01 施行之相關修正"]',
 '["ICCPR-CO3","CRC-CO2"]');

-- executive_order
INSERT OR REPLACE INTO executive_order (order_id, parent_law_id, order_name, order_type, promulgated_date, issuing_agency, full_text_url) VALUES
('EO-2015-001','L002','學生輔導法施行細則','施行細則','2015-10-15','教育部','https://law.moj.gov.tw/LawClass/LawAll.aspx?pcode=H0070066'),
('EO-2023-001','L002','學生輔導法施行細則（112 年修正）','施行細則修正','2023-12-29','教育部','https://law.moj.gov.tw/LawClass/LawAll.aspx?pcode=H0070066'),
('EO-2025-001','L002','學生輔導法施行細則（114 年修正）','施行細則修正','2025-06-17','教育部','https://law.moj.gov.tw/LawClass/LawAll.aspx?pcode=H0070066'),
('EO-2009-001','L001','人權保障推動小組設置要點','行政要點','2009-12-10','行政院','https://law.moj.gov.tw/LawClass/LawAll.aspx?pcode=I0020028');
