-- 宗教自由議題 trace seed（ICCPR Art.18）
-- 由 parallel-research agent 蒐集（2026-05-01）

INSERT OR REPLACE INTO actor (actor_id, actor_type, name, affiliation, position_spectrum, active_period, is_anonymized, note) VALUES
('A301','ngo','宗教自由倡議聯盟（含太極門相關 NGO、世界公民總會台灣分會）','民間','嚴格派（要求平反）','1996-2026',0,'長期主張個案為宗教歧視典型'),
('A302','govt_agency','國稅局／財政部','行政院','中間（行政立場）','1996-2026',0,'稅務查核主管機關'),
('A303','court','最高法院刑事庭','司法院','中性記錄者','1996-2007',0,'2007 終判無罪確定'),
('A304','committee_member','ICCPR/ICESCR 國際審查委員會','聯合國體系專家','嚴格派（國際標準）','2013-2022',0,'三屆審查均提宗教自由議題'),
('A305','govt_agency','內政部（宗教事務）','行政院','中間','2005-2026',0,'宗教團體法草案主政'),
('A306','ngo','主要宗教團體聯合（含佛教、道教、基督教、天主教等）','民間','寬鬆派（反高度管制）','2005-2026',0,'反對宗教團體法行政管制密度過高'),
('A307','legislator','立法院（提案／撤簽委員）','跨黨派','分歧','2005-2020',0,'宗教基本法多次提案後撤簽擱置'),
('A308','court','大法官／憲法法庭','司法院','中性記錄者','1999-2017',0,'釋字 490、573、748'),
('A309','ngo','耶和華見證人等良心拒服兵役者社群','民間','嚴格派（信仰）','1987-2025',0,'推動替代役制度催生'),
('A310','ngo','護家盟／下一代幸福聯盟（宗教多元團體聯合）','民間','嚴格派（傳統婚家）','2013-2018',0,'2018 公投三案發起'),
('A311','ngo','性平／同婚倡議團體','民間','寬鬆派（性別平等）','2013-2019',0,'與宗教團體立場對立'),
('A312','govt_agency','國家人權委員會','監察院','中性／嚴格派（人權標準）','2020-2026',0,'2025 認定後備軍人替代役不足違反 ICCPR');

INSERT OR REPLACE INTO event (event_id, event_date, event_type, issue_tags, actor_id, title, summary, related_pi, related_co, related_article, is_positive_outcome, note, created_at) VALUES
('EV-1996-301','1996-12-19','court_ruling','["宗教自由","稅務"]','A302','特定氣功修練團體遭刑事起訴與稅務查核啟動','檢方搜索並查扣資產，國稅局同步開單補稅；後續延伸 25 年稅務行政爭議','["PI-08","PI-16"]','[]','["ICCPR-18","ICCPR-26"]',0,'本案為宗教自由與行政權邊界之指標案例',datetime('now')),
('EV-1999-301','1999-10-01','court_ruling','["宗教自由","良心拒服兵役"]','A308','釋字第 490 號（兵役合憲、惟促立替代役）','大法官就良心拒服兵役者宣告兵役制度合憲，但促政府研議替代方案','["PI-08"]','[]','["ICCPR-18"]',NULL,'判決後催生 2000 年替代役實施條例',datetime('now')),
('EV-2000-301','2000-02-02','legislation','["良心拒服兵役"]','A307','《替代役實施條例》制定公布','建立宗教因素得申服替代役之制度，回應釋字 490 與國際標準','["PI-08"]','[]','["ICCPR-18"]',1,'被視為 ICCPR Art.18 在台之具體落實之一',datetime('now')),
('EV-2007-301','2007-07-13','court_ruling','["宗教自由","稅務"]','A303','最高法院刑事終判無罪無欠稅確定','確認該團體弟子敬師禮屬贈與性質、非營業收入；刑事爭議告終','["PI-08","PI-16"]','[]','["ICCPR-14","ICCPR-18"]',1,'惟稅務行政救濟仍延續多年',datetime('now')),
('EV-2013-301','2013-03-01','co_paragraph','["宗教自由","良心拒服兵役"]','A304','ICCPR 第一屆結論性意見（涉宗教自由相關段落）','國際審查委員會關注良心拒服兵役、宗教團體法立法停滯與少數信仰行政差別待遇','["PI-08"]','["CO-1-§57","CO-1-§63"]','["ICCPR-18"]',NULL,'三屆審查重複關切',datetime('now')),
('EV-2017-301','2017-05-24','court_ruling','["同性婚姻","宗教自由"]','A308','釋字第 748 號解釋','宣告民法未保障同婚違憲；多元宗教團體聯合表達反對立場','["PI-08","PI-10"]','[]','["ICCPR-18","ICCPR-23"]',NULL,'宗教自由 vs 平等權之典型張力，正反並陳',datetime('now')),
('EV-2017-302','2017-08-16','govt_response','["宗教自由","結社自由"]','A305','內政部宣布暫緩推動《宗教團體法》草案','因宗教團體與人權團體反對行政管制密度過高、寺廟財產規範未獲共識，立法暫擱','["PI-08"]','[]','["ICCPR-18","ICCPR-22"]',NULL,'2005 起多次送審皆受阻',datetime('now')),
('EV-2018-301','2018-11-24','public_opinion','["性平教育","宗教自由","家長教育選擇權"]','A310','公投第 11 案通過（國中小不實施同志教育施行細則）','宗教多元團體主導，主張家長宗教教育選擇權；性平倡議方則認損及學生平等受教權','["PI-08","PI-10","PI-16"]','[]','["ICCPR-18","ICESCR-13"]',NULL,'立場光譜對等',datetime('now')),
('EV-2018-302','2018-12-26','govt_response','["稅務","宗教自由"]','A302','國稅局更正特定團體多年度敬師禮稅額為零','延宕逾 20 年之行政爭議部分終結','["PI-08","PI-16"]','[]','["ICCPR-18","ICCPR-26"]',1,'監察院曾指列七項稽徵違失',datetime('now')),
('EV-2022-301','2022-05-13','co_paragraph','["宗教自由","良心拒服兵役"]','A304','ICCPR 第三屆結論性意見 §63（含宗教自由建議）','關切後備軍人召集無宗教豁免、宗教團體法立法延宕、少數信仰行政待遇差別','["PI-08"]','["CO-3-§63"]','["ICCPR-18"]',NULL,'承襲一二屆關切',datetime('now')),
('EV-2025-301','2025-01-15','outcome','["良心拒服兵役"]','A312','國家人權委員會認定後備軍人召集制度違反 ICCPR Art.18','現行兵役法未提供合理替代選項、違反宗教信仰自由與良心自由保障','["PI-08"]','["CO-3-§63"]','["ICCPR-18"]',1,'人權機制具體落地',datetime('now'));

INSERT INTO causal_link (from_event, to_event, link_type, evidence_strength, chain_depth, counter_evidence, multi_causal_note, note, created_at) VALUES
('EV-1999-301','EV-2000-301','triggered_by','direct',1,'立法院本即有跨黨派提案；國軍兵源結構調整亦為動因','並列原因：軍事需求變遷、社會役政改革倡議、國際 ILO/ICCPR 比較法','釋字 490 為法律觸發',datetime('now')),
('EV-1996-301','EV-2007-301','responds_to','direct',1,'若無媒體與 NGO 持續關注，刑事程序未必能於 11 年內終結','並列原因：證據法則進展、檢辯訴訟策略、輿論壓力','時序與案件當事人同一',datetime('now')),
('EV-2007-301','EV-2018-302','triggered_by','indirect',2,'稅務行政與刑事判決法律效力本應分立','並列原因：監察院七項糾正、國際審查關切、行政訴訟個別撤銷','跨刑事／稅務雙軌之間接因果',datetime('now')),
('EV-2013-301','EV-2022-301','parallels','direct',1,'國際委員會關切議題本具延續性；非前者「導致」後者','並列原因：國內 NGO 平行影子報告、跨屆同主題進度落後','三屆審查文本連動',datetime('now')),
('EV-2022-301','EV-2025-301','triggered_by','indirect',2,'國家人權委員會本有獨立職權；若無 §63 該決議仍可能作成','並列原因：個別當事人陳訴、釋字 490 法理','時序緊接 + 文本援引',datetime('now')),
('EV-2017-301','EV-2018-301','responds_to','contested',1,'公投發動受多重社會動能驅動；非單純對釋字 748 之反作用','並列原因：教科書內容爭議、家長團體動員、選舉時程','正反方詮釋差距大',datetime('now')),
('EV-2017-302','EV-2022-301','cites','indirect',2,'宗教團體法擱置主因為國內共識不足，非國際審查直接造成','並列原因：團體間規模差異、寺廟財產登記政治敏感','國際審查持續點名',datetime('now'));

INSERT OR REPLACE INTO outcome_indicator (indicator_id, event_id, indicator_type, metric_name, before_value, before_year, after_value, after_year, direction, measurement_method, source_url, confounders, note) VALUES
('IND-301','EV-2000-301','law','宗教因素申服替代役制度可用性','無制度','1999','制度建立並持續運作','2000','improved','替代役實施條例與內政部役政統計','https://nhrc.cy.gov.tw/','兵源結構變遷、義務役期改革、社會役政擴張','現役制度回應，但後備召集仍未補完'),
('IND-302','EV-2017-302','law','《宗教團體法》立法進度','行政院送審草案','2015-2017','暫緩、未完成立法','2017-2026','unchanged','立法院議事資訊系統','https://www.ly.gov.tw/Pages/Detail.aspx?nodeid=6588','宗教團體規模不一、寺廟財產敏感、社會共識不足','國際審查視為立法延宕指標'),
('IND-303','EV-2025-301','qualitative','後備軍人召集之宗教豁免機制','無明確機制／個案處罰','2013-2024','人權委員會認定違反 ICCPR、要求修法','2025','contested','國家人權委員會調查報告','https://nhrc.cy.gov.tw/','個案數量少、軍事動員需求、國防政策改變','實際法律修正尚未完成');
